-- Sample seed data for development
-- Run this AFTER setting up the schema and policies

-- Insert sample users (you'll need to replace these with actual user IDs from auth.users)
-- These are placeholder IDs - replace with real ones after authentication
INSERT INTO public.users (id, email, name, avatar_url) VALUES 
  ('00000000-0000-0000-0000-000000000001', 'john@example.com', 'John Doe', null),
  ('00000000-0000-0000-0000-000000000002', 'jane@example.com', 'Jane Smith', null),
  ('00000000-0000-0000-0000-000000000003', 'mike@example.com', 'Mike Johnson', null);

-- Insert sample workspace
INSERT INTO public.workspaces (id, name, slug, description, owner_id) VALUES 
  ('00000000-0000-0000-0000-000000000010', 'TaskFlow Demo', 'taskflow-demo', 'Demo workspace for TaskFlow', '00000000-0000-0000-0000-000000000001');

-- Add workspace members
INSERT INTO public.workspace_members (workspace_id, user_id, role) VALUES 
  ('00000000-0000-0000-0000-000000000010', '00000000-0000-0000-0000-000000000001', 'admin'),
  ('00000000-0000-0000-0000-000000000010', '00000000-0000-0000-0000-000000000002', 'member'),
  ('00000000-0000-0000-0000-000000000010', '00000000-0000-0000-0000-000000000003', 'member');

-- Insert sample projects
INSERT INTO public.projects (id, name, description, color, status, workspace_id, owner_id, due_date) VALUES 
  ('00000000-0000-0000-0000-000000000020', 'Website Redesign', 'Complete redesign of the company website with modern UI/UX', '#3b82f6', 'active', '00000000-0000-0000-0000-000000000010', '00000000-0000-0000-0000-000000000001', '2024-03-01'),
  ('00000000-0000-0000-0000-000000000021', 'Mobile App Development', 'Native mobile app for iOS and Android', '#10b981', 'active', '00000000-0000-0000-0000-000000000010', '00000000-0000-0000-0000-000000000002', '2024-06-01'),
  ('00000000-0000-0000-0000-000000000022', 'Marketing Campaign', 'Q1 marketing campaign for product launch', '#f59e0b', 'active', '00000000-0000-0000-0000-000000000010', '00000000-0000-0000-0000-000000000001', '2024-04-01');

-- Add project members
INSERT INTO public.project_members (project_id, user_id, role) VALUES 
  ('00000000-0000-0000-0000-000000000020', '00000000-0000-0000-0000-000000000001', 'admin'),
  ('00000000-0000-0000-0000-000000000020', '00000000-0000-0000-0000-000000000002', 'member'),
  ('00000000-0000-0000-0000-000000000020', '00000000-0000-0000-0000-000000000003', 'member'),
  ('00000000-0000-0000-0000-000000000021', '00000000-0000-0000-0000-000000000002', 'admin'),
  ('00000000-0000-0000-0000-000000000021', '00000000-0000-0000-0000-000000000003', 'member'),
  ('00000000-0000-0000-0000-000000000022', '00000000-0000-0000-0000-000000000001', 'admin'),
  ('00000000-0000-0000-0000-000000000022', '00000000-0000-0000-0000-000000000002', 'member');

-- Insert task statuses for projects
INSERT INTO public.task_statuses (id, name, color, order_index, project_id) VALUES 
  ('00000000-0000-0000-0000-000000000030', 'To Do', '#6b7280', 0, '00000000-0000-0000-0000-000000000020'),
  ('00000000-0000-0000-0000-000000000031', 'In Progress', '#3b82f6', 1, '00000000-0000-0000-0000-000000000020'),
  ('00000000-0000-0000-0000-000000000032', 'Review', '#f59e0b', 2, '00000000-0000-0000-0000-000000000020'),
  ('00000000-0000-0000-0000-000000000033', 'Done', '#10b981', 3, '00000000-0000-0000-0000-000000000020'),
  ('00000000-0000-0000-0000-000000000034', 'To Do', '#6b7280', 0, '00000000-0000-0000-0000-000000000021'),
  ('00000000-0000-0000-0000-000000000035', 'In Progress', '#3b82f6', 1, '00000000-0000-0000-0000-000000000021'),
  ('00000000-0000-0000-0000-000000000036', 'Done', '#10b981', 2, '00000000-0000-0000-0000-000000000021');

-- Insert sample tasks
INSERT INTO public.tasks (id, title, description, status_id, priority, project_id, assignee_id, reporter_id, due_date) VALUES 
  ('00000000-0000-0000-0000-000000000040', 'Design homepage mockup', 'Create high-fidelity mockup for the new homepage design', '00000000-0000-0000-0000-000000000031', 'high', '00000000-0000-0000-0000-000000000020', '00000000-0000-0000-0000-000000000002', '00000000-0000-0000-0000-000000000001', '2024-02-15'),
  ('00000000-0000-0000-0000-000000000041', 'Implement user authentication', 'Set up JWT-based authentication system', '00000000-0000-0000-0000-000000000030', 'high', '00000000-0000-0000-0000-000000000020', '00000000-0000-0000-0000-000000000003', '00000000-0000-0000-0000-000000000001', '2024-02-20'),
  ('00000000-0000-0000-0000-000000000042', 'Create responsive navigation', 'Build mobile-friendly navigation component', '00000000-0000-0000-0000-000000000033', 'medium', '00000000-0000-0000-0000-000000000020', '00000000-0000-0000-0000-000000000002', '00000000-0000-0000-0000-000000000001', '2024-02-10'),
  ('00000000-0000-0000-0000-000000000043', 'Set up development environment', 'Configure development environment for mobile app', '00000000-0000-0000-0000-000000000035', 'medium', '00000000-0000-0000-0000-000000000021', '00000000-0000-0000-0000-000000000003', '00000000-0000-0000-0000-000000000002', '2024-02-18'),
  ('00000000-0000-0000-0000-000000000044', 'Create social media content', 'Develop content calendar for Q1 campaign', '00000000-0000-0000-0000-000000000032', 'low', '00000000-0000-0000-0000-000000000022', '00000000-0000-0000-0000-000000000002', '00000000-0000-0000-0000-000000000001', '2024-02-25');

-- Insert sample task tags
INSERT INTO public.task_tags (id, name, color, project_id) VALUES 
  ('00000000-0000-0000-0000-000000000050', 'design', '#e11d48', '00000000-0000-0000-0000-000000000020'),
  ('00000000-0000-0000-0000-000000000051', 'frontend', '#3b82f6', '00000000-0000-0000-0000-000000000020'),
  ('00000000-0000-0000-0000-000000000052', 'backend', '#10b981', '00000000-0000-0000-0000-000000000020'),
  ('00000000-0000-0000-0000-000000000053', 'security', '#f59e0b', '00000000-0000-0000-0000-000000000020'),
  ('00000000-0000-0000-0000-000000000054', 'mobile', '#8b5cf6', '00000000-0000-0000-0000-000000000021'),
  ('00000000-0000-0000-0000-000000000055', 'setup', '#6b7280', '00000000-0000-0000-0000-000000000021'),
  ('00000000-0000-0000-0000-000000000056', 'marketing', '#f97316', '00000000-0000-0000-0000-000000000022'),
  ('00000000-0000-0000-0000-000000000057', 'content', '#84cc16', '00000000-0000-0000-0000-000000000022');

-- Assign tags to tasks
INSERT INTO public.task_tag_assignments (task_id, tag_id) VALUES 
  ('00000000-0000-0000-0000-000000000040', '00000000-0000-0000-0000-000000000050'),
  ('00000000-0000-0000-0000-000000000040', '00000000-0000-0000-0000-000000000051'),
  ('00000000-0000-0000-0000-000000000041', '00000000-0000-0000-0000-000000000052'),
  ('00000000-0000-0000-0000-000000000041', '00000000-0000-0000-0000-000000000053'),
  ('00000000-0000-0000-0000-000000000042', '00000000-0000-0000-0000-000000000051'),
  ('00000000-0000-0000-0000-000000000042', '00000000-0000-0000-0000-000000000054'),
  ('00000000-0000-0000-0000-000000000043', '00000000-0000-0000-0000-000000000055'),
  ('00000000-0000-0000-0000-000000000043', '00000000-0000-0000-0000-000000000054'),
  ('00000000-0000-0000-0000-000000000044', '00000000-0000-0000-0000-000000000056'),
  ('00000000-0000-0000-0000-000000000044', '00000000-0000-0000-0000-000000000057');